<?xml version="1.0"?>
<font>
  <info face="Cooper Std Black" size="32" bold="0" italic="0" charset="" unicode="1" stretchH="100" smooth="1" aa="1" padding="0,0,0,0" spacing="1,1" outline="0"/>
  <common lineHeight="32" base="25" scaleW="256" scaleH="256" pages="1" packed="0" alphaChnl="0" redChnl="3" greenChnl="3" blueChnl="3"/>
  <pages>
    <page id="0" file="cooper_0.png" />
  </pages>
  <chars count="99">
    <char id="32" x="4" y="26" width="1" height="1" xoffset="0" yoffset="0" xadvance="9" page="0" chnl="15" />
    <char id="33" x="78" y="87" width="7" height="19" xoffset="0" yoffset="6" xadvance="9" page="0" chnl="15" />
    <char id="34" x="60" y="122" width="13" height="11" xoffset="1" yoffset="6" xadvance="16" page="0" chnl="15" />
    <char id="35" x="14" y="109" width="12" height="16" xoffset="2" yoffset="9" xadvance="17" page="0" chnl="15" />
    <char id="36" x="162" y="0" width="15" height="22" xoffset="1" yoffset="7" xadvance="17" page="0" chnl="15" />
    <char id="37" x="118" y="45" width="22" height="19" xoffset="0" yoffset="6" xadvance="23" page="0" chnl="15" />
    <char id="38" x="143" y="24" width="24" height="19" xoffset="0" yoffset="6" xadvance="25" page="0" chnl="15" />
    <char id="39" x="86" y="122" width="6" height="11" xoffset="1" yoffset="6" xadvance="9" page="0" chnl="15" />
    <char id="40" x="22" y="0" width="12" height="25" xoffset="2" yoffset="3" xadvance="14" page="0" chnl="15" />
    <char id="41" x="35" y="0" width="12" height="25" xoffset="0" yoffset="3" xadvance="14" page="0" chnl="15" />
    <char id="42" x="74" y="122" width="11" height="11" xoffset="4" yoffset="6" xadvance="20" page="0" chnl="15" />
    <char id="43" x="240" y="98" width="13" height="14" xoffset="2" yoffset="11" xadvance="17" page="0" chnl="15" />
    <char id="44" x="52" y="124" width="7" height="12" xoffset="1" yoffset="18" xadvance="9" page="0" chnl="15" />
    <char id="45" x="107" y="119" width="8" height="7" xoffset="0" yoffset="14" xadvance="8" page="0" chnl="15" />
    <char id="46" x="116" y="119" width="7" height="7" xoffset="0" yoffset="18" xadvance="9" page="0" chnl="15" />
    <char id="47" x="142" y="0" width="14" height="23" xoffset="-1" yoffset="6" xadvance="13" page="0" chnl="15" />
    <char id="48" x="206" y="83" width="16" height="16" xoffset="0" yoffset="9" xadvance="17" page="0" chnl="15" />
    <char id="49" x="190" y="84" width="15" height="17" xoffset="0" yoffset="8" xadvance="17" page="0" chnl="15" />
    <char id="50" x="86" y="86" width="17" height="18" xoffset="0" yoffset="9" xadvance="17" page="0" chnl="15" />
    <char id="51" x="196" y="63" width="17" height="19" xoffset="-1" yoffset="9" xadvance="17" page="0" chnl="15" />
    <char id="52" x="53" y="25" width="16" height="20" xoffset="0" yoffset="8" xadvance="17" page="0" chnl="15" />
    <char id="53" x="240" y="21" width="15" height="19" xoffset="1" yoffset="9" xadvance="17" page="0" chnl="15" />
    <char id="54" x="139" y="85" width="16" height="18" xoffset="1" yoffset="7" xadvance="17" page="0" chnl="15" />
    <char id="55" x="36" y="26" width="16" height="20" xoffset="0" yoffset="9" xadvance="17" page="0" chnl="15" />
    <char id="56" x="122" y="85" width="16" height="18" xoffset="0" yoffset="7" xadvance="17" page="0" chnl="15" />
    <char id="57" x="19" y="26" width="16" height="20" xoffset="0" yoffset="9" xadvance="17" page="0" chnl="15" />
    <char id="58" x="14" y="126" width="7" height="14" xoffset="0" yoffset="11" xadvance="9" page="0" chnl="15" />
    <char id="59" x="69" y="87" width="8" height="19" xoffset="0" yoffset="11" xadvance="9" page="0" chnl="15" />
    <char id="60" x="22" y="126" width="14" height="13" xoffset="1" yoffset="11" xadvance="17" page="0" chnl="15" />
    <char id="61" x="93" y="122" width="13" height="9" xoffset="2" yoffset="14" xadvance="17" page="0" chnl="15" />
    <char id="62" x="37" y="124" width="14" height="13" xoffset="1" yoffset="11" xadvance="17" page="0" chnl="15" />
    <char id="63" x="18" y="89" width="13" height="19" xoffset="0" yoffset="6" xadvance="14" page="0" chnl="15" />
    <char id="64" x="177" y="64" width="18" height="19" xoffset="1" yoffset="6" xadvance="20" page="0" chnl="15" />
    <char id="65" x="178" y="0" width="23" height="20" xoffset="0" yoffset="5" xadvance="23" page="0" chnl="15" />
    <char id="66" x="60" y="67" width="19" height="19" xoffset="0" yoffset="6" xadvance="20" page="0" chnl="15" />
    <char id="67" x="186" y="43" width="21" height="19" xoffset="0" yoffset="6" xadvance="20" page="0" chnl="15" />
    <char id="68" x="72" y="46" width="22" height="19" xoffset="0" yoffset="6" xadvance="23" page="0" chnl="15" />
    <char id="69" x="224" y="0" width="19" height="20" xoffset="0" yoffset="5" xadvance="20" page="0" chnl="15" />
    <char id="70" x="40" y="67" width="19" height="19" xoffset="0" yoffset="6" xadvance="19" page="0" chnl="15" />
    <char id="71" x="48" y="47" width="23" height="19" xoffset="0" yoffset="6" xadvance="23" page="0" chnl="15" />
    <char id="72" x="95" y="45" width="22" height="19" xoffset="0" yoffset="6" xadvance="23" page="0" chnl="15" />
    <char id="73" x="32" y="89" width="12" height="19" xoffset="0" yoffset="6" xadvance="12" page="0" chnl="15" />
    <char id="74" x="158" y="65" width="18" height="19" xoffset="0" yoffset="6" xadvance="18" page="0" chnl="15" />
    <char id="75" x="0" y="49" width="23" height="19" xoffset="0" yoffset="6" xadvance="23" page="0" chnl="15" />
    <char id="76" x="0" y="28" width="18" height="20" xoffset="0" yoffset="6" xadvance="18" page="0" chnl="15" />
    <char id="77" x="118" y="25" width="24" height="19" xoffset="0" yoffset="6" xadvance="25" page="0" chnl="15" />
    <char id="78" x="192" y="21" width="23" height="19" xoffset="0" yoffset="6" xadvance="24" page="0" chnl="15" />
    <char id="79" x="230" y="41" width="20" height="19" xoffset="1" yoffset="6" xadvance="22" page="0" chnl="15" />
    <char id="80" x="0" y="69" width="19" height="19" xoffset="0" yoffset="6" xadvance="19" page="0" chnl="15" />
    <char id="81" x="48" y="0" width="20" height="24" xoffset="1" yoffset="6" xadvance="22" page="0" chnl="15" />
    <char id="82" x="202" y="0" width="21" height="20" xoffset="0" yoffset="6" xadvance="22" page="0" chnl="15" />
    <char id="83" x="214" y="61" width="17" height="19" xoffset="0" yoffset="6" xadvance="18" page="0" chnl="15" />
    <char id="84" x="164" y="44" width="21" height="19" xoffset="-1" yoffset="6" xadvance="20" page="0" chnl="15" />
    <char id="85" x="216" y="21" width="23" height="19" xoffset="0" yoffset="6" xadvance="23" page="0" chnl="15" />
    <char id="86" x="24" y="47" width="23" height="19" xoffset="-1" yoffset="6" xadvance="23" page="0" chnl="15" />
    <char id="87" x="87" y="25" width="30" height="19" xoffset="-1" yoffset="6" xadvance="30" page="0" chnl="15" />
    <char id="88" x="168" y="23" width="23" height="19" xoffset="0" yoffset="6" xadvance="23" page="0" chnl="15" />
    <char id="89" x="141" y="45" width="22" height="19" xoffset="0" yoffset="6" xadvance="22" page="0" chnl="15" />
    <char id="90" x="80" y="66" width="19" height="19" xoffset="0" yoffset="6" xadvance="19" page="0" chnl="15" />
    <char id="91" x="93" y="0" width="11" height="24" xoffset="2" yoffset="4" xadvance="14" page="0" chnl="15" />
    <char id="92" x="126" y="0" width="15" height="23" xoffset="0" yoffset="6" xadvance="13" page="0" chnl="15" />
    <char id="93" x="105" y="0" width="10" height="24" xoffset="0" yoffset="4" xadvance="14" page="0" chnl="15" />
    <char id="94" x="0" y="126" width="13" height="14" xoffset="2" yoffset="8" xadvance="17" page="0" chnl="15" />
    <char id="96" x="138" y="119" width="8" height="5" xoffset="1" yoffset="5" xadvance="11" page="0" chnl="15" />
    <char id="97" x="177" y="103" width="16" height="14" xoffset="0" yoffset="11" xadvance="16" page="0" chnl="15" />
    <char id="98" x="232" y="61" width="17" height="19" xoffset="0" yoffset="6" xadvance="18" page="0" chnl="15" />
    <char id="99" x="210" y="100" width="14" height="14" xoffset="0" yoffset="11" xadvance="15" page="0" chnl="15" />
    <char id="100" x="20" y="69" width="19" height="19" xoffset="0" yoffset="6" xadvance="18" page="0" chnl="15" />
    <char id="101" x="225" y="98" width="14" height="14" xoffset="0" yoffset="11" xadvance="15" page="0" chnl="15" />
    <char id="102" x="45" y="87" width="12" height="19" xoffset="0" yoffset="6" xadvance="12" page="0" chnl="15" />
    <char id="103" x="70" y="25" width="16" height="20" xoffset="0" yoffset="10" xadvance="16" page="0" chnl="15" />
    <char id="104" x="100" y="65" width="19" height="19" xoffset="0" yoffset="6" xadvance="19" page="0" chnl="15" />
    <char id="105" x="58" y="87" width="10" height="19" xoffset="0" yoffset="6" xadvance="10" page="0" chnl="15" />
    <char id="106" x="116" y="0" width="9" height="24" xoffset="-1" yoffset="6" xadvance="10" page="0" chnl="15" />
    <char id="107" x="208" y="41" width="21" height="19" xoffset="0" yoffset="6" xadvance="21" page="0" chnl="15" />
    <char id="108" x="244" y="0" width="11" height="19" xoffset="-1" yoffset="6" xadvance="10" page="0" chnl="15" />
    <char id="109" x="56" y="107" width="27" height="14" xoffset="0" yoffset="11" xadvance="27" page="0" chnl="15" />
    <char id="110" x="104" y="104" width="18" height="14" xoffset="0" yoffset="11" xadvance="19" page="0" chnl="15" />
    <char id="111" x="160" y="104" width="16" height="14" xoffset="0" yoffset="11" xadvance="17" page="0" chnl="15" />
    <char id="112" x="139" y="65" width="18" height="19" xoffset="0" yoffset="11" xadvance="19" page="0" chnl="15" />
    <char id="113" x="120" y="65" width="18" height="19" xoffset="0" yoffset="11" xadvance="18" page="0" chnl="15" />
    <char id="114" x="194" y="102" width="15" height="14" xoffset="0" yoffset="11" xadvance="15" page="0" chnl="15" />
    <char id="115" x="238" y="81" width="13" height="16" xoffset="0" yoffset="10" xadvance="14" page="0" chnl="15" />
    <char id="116" x="156" y="85" width="14" height="18" xoffset="-1" yoffset="7" xadvance="13" page="0" chnl="15" />
    <char id="117" x="84" y="107" width="19" height="14" xoffset="0" yoffset="11" xadvance="19" page="0" chnl="15" />
    <char id="118" x="123" y="104" width="18" height="14" xoffset="-1" yoffset="11" xadvance="18" page="0" chnl="15" />
    <char id="119" x="27" y="109" width="28" height="14" xoffset="0" yoffset="11" xadvance="28" page="0" chnl="15" />
    <char id="120" x="142" y="104" width="17" height="14" xoffset="0" yoffset="11" xadvance="17" page="0" chnl="15" />
    <char id="121" x="0" y="89" width="17" height="19" xoffset="0" yoffset="11" xadvance="18" page="0" chnl="15" />
    <char id="122" x="223" y="81" width="14" height="16" xoffset="0" yoffset="10" xadvance="15" page="0" chnl="15" />
    <char id="123" x="69" y="0" width="11" height="24" xoffset="1" yoffset="4" xadvance="14" page="0" chnl="15" />
    <char id="124" x="0" y="0" width="3" height="27" xoffset="5" yoffset="5" xadvance="13" page="0" chnl="15" />
    <char id="125" x="81" y="0" width="11" height="24" xoffset="2" yoffset="4" xadvance="14" page="0" chnl="15" />
    <char id="126" x="124" y="119" width="13" height="6" xoffset="2" yoffset="16" xadvance="17" page="0" chnl="15" />
    <char id="162" x="0" y="109" width="13" height="16" xoffset="2" yoffset="9" xadvance="17" page="0" chnl="15" />
    <char id="163" x="171" y="85" width="18" height="17" xoffset="0" yoffset="8" xadvance="17" page="0" chnl="15" />
    <char id="165" x="104" y="85" width="17" height="18" xoffset="0" yoffset="7" xadvance="17" page="0" chnl="15" />
    <char id="166" x="157" y="0" width="4" height="23" xoffset="4" yoffset="7" xadvance="13" page="0" chnl="15" />
    <char id="167" x="4" y="0" width="17" height="25" xoffset="1" yoffset="3" xadvance="20" page="0" chnl="15" />
  </chars>
  <kernings count="88">
    <kerning first="65" second="84" amount="-2" />
    <kerning first="65" second="86" amount="-4" />
    <kerning first="65" second="87" amount="-3" />
    <kerning first="65" second="89" amount="-3" />
    <kerning first="65" second="118" amount="-2" />
    <kerning first="65" second="119" amount="-2" />
    <kerning first="65" second="121" amount="-2" />
    <kerning first="121" second="46" amount="-3" />
    <kerning first="121" second="44" amount="-3" />
    <kerning first="119" second="46" amount="-3" />
    <kerning first="119" second="44" amount="-2" />
    <kerning first="118" second="46" amount="-3" />
    <kerning first="70" second="44" amount="-2" />
    <kerning first="70" second="46" amount="-2" />
    <kerning first="70" second="65" amount="-2" />
    <kerning first="118" second="44" amount="-2" />
    <kerning first="114" second="122" amount="1" />
    <kerning first="114" second="117" amount="1" />
    <kerning first="114" second="116" amount="1" />
    <kerning first="114" second="104" amount="-1" />
    <kerning first="114" second="102" amount="1" />
    <kerning first="114" second="46" amount="-2" />
    <kerning first="76" second="84" amount="-2" />
    <kerning first="76" second="86" amount="-2" />
    <kerning first="76" second="87" amount="-2" />
    <kerning first="76" second="89" amount="-2" />
    <kerning first="76" second="121" amount="-1" />
    <kerning first="114" second="45" amount="1" />
    <kerning first="114" second="44" amount="-2" />
    <kerning first="102" second="102" amount="1" />
    <kerning first="89" second="118" amount="-2" />
    <kerning first="89" second="117" amount="-2" />
    <kerning first="80" second="44" amount="-2" />
    <kerning first="80" second="46" amount="-2" />
    <kerning first="80" second="65" amount="-2" />
    <kerning first="89" second="113" amount="-3" />
    <kerning first="89" second="112" amount="-2" />
    <kerning first="89" second="111" amount="-3" />
    <kerning first="89" second="101" amount="-3" />
    <kerning first="89" second="97" amount="-3" />
    <kerning first="89" second="65" amount="-3" />
    <kerning first="89" second="59" amount="-1" />
    <kerning first="82" second="84" amount="-1" />
    <kerning first="82" second="86" amount="-2" />
    <kerning first="82" second="87" amount="-2" />
    <kerning first="82" second="89" amount="-2" />
    <kerning first="82" second="121" amount="-2" />
    <kerning first="89" second="58" amount="-1" />
    <kerning first="89" second="46" amount="-3" />
    <kerning first="89" second="45" amount="-2" />
    <kerning first="89" second="44" amount="-3" />
    <kerning first="84" second="44" amount="-2" />
    <kerning first="84" second="46" amount="-2" />
    <kerning first="84" second="58" amount="1" />
    <kerning first="84" second="59" amount="1" />
    <kerning first="84" second="65" amount="-2" />
    <kerning first="84" second="97" amount="-1" />
    <kerning first="84" second="99" amount="-1" />
    <kerning first="84" second="101" amount="-1" />
    <kerning first="84" second="105" amount="1" />
    <kerning first="84" second="111" amount="-1" />
    <kerning first="84" second="115" amount="-1" />
    <kerning first="87" second="121" amount="-1" />
    <kerning first="84" second="119" amount="1" />
    <kerning first="84" second="121" amount="1" />
    <kerning first="87" second="117" amount="-1" />
    <kerning first="87" second="114" amount="-2" />
    <kerning first="87" second="111" amount="-2" />
    <kerning first="87" second="105" amount="1" />
    <kerning first="87" second="101" amount="-2" />
    <kerning first="87" second="97" amount="-2" />
    <kerning first="87" second="65" amount="-3" />
    <kerning first="87" second="46" amount="-2" />
    <kerning first="87" second="45" amount="-1" />
    <kerning first="87" second="44" amount="-2" />
    <kerning first="86" second="121" amount="-2" />
    <kerning first="86" second="117" amount="-2" />
    <kerning first="86" second="114" amount="-2" />
    <kerning first="86" second="111" amount="-4" />
    <kerning first="86" second="105" amount="1" />
    <kerning first="86" second="101" amount="-4" />
    <kerning first="86" second="97" amount="-3" />
    <kerning first="86" second="65" amount="-4" />
    <kerning first="86" second="59" amount="-1" />
    <kerning first="86" second="58" amount="-1" />
    <kerning first="86" second="46" amount="-3" />
    <kerning first="86" second="45" amount="-2" />
    <kerning first="86" second="44" amount="-3" />
  </kernings>
</font>
