<?xml version="1.0"?>
<font>
  <info face="Proxima Nova Bl" size="32" bold="0" italic="0" charset="" unicode="1" stretchH="100" smooth="1" aa="1" padding="0,0,0,0" spacing="1,1" outline="0"/>
  <common lineHeight="32" base="25" scaleW="230" scaleH="30" pages="1" packed="0" alphaChnl="0" redChnl="4" greenChnl="4" blueChnl="4"/>
  <pages>
    <page id="0" file="proxima_black_31px.png" />
  </pages>
  <chars count="10">
    <char id="48" x="22" y="0" width="20" height="22" xoffset="0" yoffset="3" xadvance="20" page="0" chnl="15" />
    <char id="49" x="186" y="0" width="15" height="22" xoffset="-1" yoffset="3" xadvance="15" page="0" chnl="15" />
    <char id="50" x="127" y="0" width="19" height="22" xoffset="0" yoffset="3" xadvance="20" page="0" chnl="15" />
    <char id="51" x="147" y="0" width="19" height="22" xoffset="0" yoffset="3" xadvance="20" page="0" chnl="15" />
    <char id="52" x="0" y="0" width="21" height="22" xoffset="0" yoffset="3" xadvance="20" page="0" chnl="15" />
    <char id="53" x="43" y="0" width="20" height="22" xoffset="0" yoffset="3" xadvance="20" page="0" chnl="15" />
    <char id="54" x="64" y="0" width="20" height="22" xoffset="0" yoffset="3" xadvance="20" page="0" chnl="15" />
    <char id="55" x="167" y="0" width="18" height="22" xoffset="0" yoffset="3" xadvance="18" page="0" chnl="15" />
    <char id="56" x="85" y="0" width="20" height="22" xoffset="0" yoffset="3" xadvance="20" page="0" chnl="15" />
    <char id="57" x="106" y="0" width="20" height="22" xoffset="0" yoffset="3" xadvance="20" page="0" chnl="15" />
  </chars>
</font>
