<?xml version="1.0" encoding="UTF-8"?>
<TextureAtlas imagePath="sprites_game.png">
	<!--
	Created with ShoeBox
	http://renderhjs.net/shoebox/
	-->
	<SubTexture name="astor.png"	x="314"	y="1992"	width="127"	height="31" frameX="-0" frameY="-0" frameWidth="127" frameHeight="31"/>
	<SubTexture name="balon.png"	x="696"	y="1907"	width="112"	height="84" frameX="-0" frameY="-0" frameWidth="112" frameHeight="84"/>
	<SubTexture name="botol1.png"	x="961"	y="780"	width="229"	height="259" frameX="-0" frameY="-0" frameWidth="229" frameHeight="259"/>
	<SubTexture name="botol2.png"	x="988"	y="1040"	width="229"	height="261" frameX="-0" frameY="-0" frameWidth="229" frameHeight="261"/>
	<SubTexture name="char.png"	x="0"	y="1287"	width="525"	height="617" frameX="-0" frameY="-0" frameWidth="525" frameHeight="617"/>
	<SubTexture name="credit.png"	x="1218"	y="935"	width="153"	height="153" frameX="-0" frameY="-0" frameWidth="153" frameHeight="153"/>
	<SubTexture name="game_bg.png"	x="0"	y="901"	width="960"	height="385" frameX="-0" frameY="-0" frameWidth="960" frameHeight="385"/>
	<SubTexture name="game_meja.png"	x="0"	y="641"	width="960"	height="259" frameX="-0" frameY="-0" frameWidth="960" frameHeight="259"/>
	<SubTexture name="gelas1.png"	x="1298"	y="1705"	width="82"	height="115" frameX="-0" frameY="-0" frameWidth="82" frameHeight="115"/>
	<SubTexture name="gelas2.png"	x="1245"	y="648"	width="83"	height="116" frameX="-0" frameY="-0" frameWidth="83" frameHeight="116"/>
	<SubTexture name="gelas_astor.png"	x="1302"	y="1902"	width="74"	height="82" frameX="-0" frameY="-0" frameWidth="74" frameHeight="82"/>
	<SubTexture name="home.png"	x="988"	y="1612"	width="154"	height="154" frameX="-0" frameY="-0" frameWidth="154" frameHeight="154"/>
	<SubTexture name="icon_lose.png"	x="961"	y="494"	width="283"	height="285" frameX="-0" frameY="-0" frameWidth="283" frameHeight="285"/>
	<SubTexture name="icon_win.png"	x="961"	y="198"	width="354"	height="295" frameX="-0" frameY="-0" frameWidth="354" frameHeight="295"/>
	<SubTexture name="jam.png"	x="915"	y="1922"	width="101"	height="101" frameX="-0" frameY="-0" frameWidth="101" frameHeight="101"/>
	<SubTexture name="kentang.png"	x="564"	y="1987"	width="116"	height="37" frameX="-0" frameY="-0" frameWidth="116" frameHeight="37"/>
	<SubTexture name="menu.png"	x="1143"	y="1767"	width="154"	height="154" frameX="-0" frameY="-0" frameWidth="154" frameHeight="154"/>
	<SubTexture name="menu_bg.png"	x="0"	y="0"	width="960"	height="640" frameX="-0" frameY="-0" frameWidth="960" frameHeight="640"/>
	<SubTexture name="moregames.png"	x="1298"	y="1397"	width="153"	height="153" frameX="-0" frameY="-0" frameWidth="153" frameHeight="153"/>
	<SubTexture name="no.png"	x="988"	y="1457"	width="154"	height="154" frameX="-0" frameY="-0" frameWidth="154" frameHeight="154"/>
	<SubTexture name="paper.png"	x="526"	y="1287"	width="461"	height="619" frameX="-0" frameY="-0" frameWidth="461" frameHeight="619"/>
	<SubTexture name="pause.png"	x="1298"	y="1821"	width="80"	height="80" frameX="-0" frameY="-0" frameWidth="80" frameHeight="80"/>
	<SubTexture name="piring.png"	x="442"	y="1987"	width="121"	height="57" frameX="-0" frameY="-0" frameWidth="121" frameHeight="57"/>
	<SubTexture name="piring_kentang.png"	x="157"	y="1992"	width="156"	height="48" frameX="-0" frameY="-0" frameWidth="156" frameHeight="48"/>
	<SubTexture name="piring_roti1.png"	x="252"	y="1905"	width="169"	height="86" frameX="-0" frameY="-0" frameWidth="169" frameHeight="86"/>
	<SubTexture name="piring_roti2.png"	x="559"	y="1922"	width="136"	height="64" frameX="-0" frameY="-0" frameWidth="136" frameHeight="64"/>
	<SubTexture name="piring_roti3.png"	x="422"	y="1922"	width="136"	height="64" frameX="-0" frameY="-0" frameWidth="136" frameHeight="64"/>
	<SubTexture name="play.png"	x="1298"	y="1551"	width="153"	height="153" frameX="-0" frameY="-0" frameWidth="153" frameHeight="153"/>
	<SubTexture name="rate.png"	x="1143"	y="1612"	width="154"	height="154" frameX="-0" frameY="-0" frameWidth="154" frameHeight="154"/>
	<SubTexture name="reset.png"	x="1143"	y="1302"	width="154"	height="154" frameX="-0" frameY="-0" frameWidth="154" frameHeight="154"/>
	<SubTexture name="roti1.png"	x="1017"	y="1922"	width="96"	height="45" frameX="-0" frameY="-0" frameWidth="96" frameHeight="45"/>
	<SubTexture name="roti2.png"	x="681"	y="1992"	width="110"	height="51" frameX="-0" frameY="-0" frameWidth="110" frameHeight="51"/>
	<SubTexture name="roti3.png"	x="0"	y="1964"	width="156"	height="64" frameX="-0" frameY="-0" frameWidth="156" frameHeight="64"/>
	<SubTexture name="roti_topping1.png"	x="1017"	y="2004"	width="84"	height="33" frameX="-0" frameY="-0" frameWidth="84" frameHeight="33"/>
	<SubTexture name="roti_topping2.png"	x="1017"	y="1968"	width="87"	height="35" frameX="-0" frameY="-0" frameWidth="87" frameHeight="35"/>
	<SubTexture name="score.png"	x="0"	y="1907"	width="251"	height="56" frameX="-0" frameY="-0" frameWidth="251" frameHeight="56"/>
	<SubTexture name="share.png"	x="1191"	y="780"	width="154"	height="154" frameX="-0" frameY="-0" frameWidth="154" frameHeight="154"/>
	<SubTexture name="sound_off.png"	x="988"	y="1302"	width="154"	height="154" frameX="-0" frameY="-0" frameWidth="154" frameHeight="154"/>
	<SubTexture name="sound_on.png"	x="988"	y="1767"	width="154"	height="154" frameX="-0" frameY="-0" frameWidth="154" frameHeight="154"/>
	<SubTexture name="star_off.png"	x="1114"	y="1922"	width="94"	height="90" frameX="-0" frameY="-0" frameWidth="94" frameHeight="90"/>
	<SubTexture name="star_on.png"	x="1209"	y="1922"	width="92"	height="88" frameX="-0" frameY="-0" frameWidth="92" frameHeight="88"/>
	<SubTexture name="title.png"	x="961"	y="0"	width="441"	height="197" frameX="-0" frameY="-0" frameWidth="441" frameHeight="197"/>
	<SubTexture name="topping1.png"	x="1316"	y="198"	width="55"	height="69" frameX="-0" frameY="-0" frameWidth="55" frameHeight="69"/>
	<SubTexture name="topping2.png"	x="809"	y="1907"	width="105"	height="131" frameX="-0" frameY="-0" frameWidth="105" frameHeight="131"/>
	<SubTexture name="tutorial.png"	x="1245"	y="494"	width="153"	height="153" frameX="-0" frameY="-0" frameWidth="153" frameHeight="153"/>
	<SubTexture name="volumeoff.png"	x="1218"	y="1089"	width="153"	height="153" frameX="-0" frameY="-0" frameWidth="153" frameHeight="153"/>
	<SubTexture name="volumeon.png"	x="1298"	y="1243"	width="153"	height="153" frameX="-0" frameY="-0" frameWidth="153" frameHeight="153"/>
	<SubTexture name="yes.png"	x="1143"	y="1457"	width="154"	height="154" frameX="-0" frameY="-0" frameWidth="154" frameHeight="154"/>
</TextureAtlas>