<font>
  <info face="BigLimbo" size="90" bold="0" italic="0" charset="" unicode="" stretchH="100" smooth="1" aa="1" padding="2,2,2,2" spacing="0,0" outline="0"/>
  <common lineHeight="113" base="78" scaleW="529" scaleH="512" pages="1" packed="0"/>
  <pages>
    <page id="0" file="BigLimbo.png"/>
  </pages>
  <chars count="95">
    <char id="32" x="2" y="2" width="0" height="0" xoffset="0" yoffset="78" xadvance="24" page="0" chnl="15"/>
    <char id="33" x="2" y="4" width="18" height="70" xoffset="2" yoffset="8" xadvance="23" page="0" chnl="15"/>
    <char id="34" x="2" y="76" width="31" height="18" xoffset="-1" yoffset="6" xadvance="32" page="0" chnl="15"/>
    <char id="35" x="2" y="96" width="48" height="79" xoffset="2" yoffset="4" xadvance="52" page="0" chnl="15"/>
    <char id="36" x="35" y="2" width="43" height="83" xoffset="1" yoffset="0" xadvance="44" page="0" chnl="15"/>
    <char id="37" x="2" y="177" width="52" height="79" xoffset="1" yoffset="6" xadvance="55" page="0" chnl="15"/>
    <char id="38" x="52" y="87" width="48" height="65" xoffset="3" yoffset="13" xadvance="53" page="0" chnl="15"/>
    <char id="39" x="52" y="154" width="15" height="18" xoffset="-1" yoffset="6" xadvance="16" page="0" chnl="15"/>
    <char id="40" x="2" y="258" width="26" height="85" xoffset="5" yoffset="8" xadvance="33" page="0" chnl="15"/>
    <char id="41" x="2" y="345" width="26" height="85" xoffset="0" yoffset="8" xadvance="33" page="0" chnl="15"/>
    <char id="42" x="2" y="432" width="36" height="36" xoffset="1" yoffset="6" xadvance="41" page="0" chnl="15"/>
    <char id="43" x="2" y="470" width="39" height="39" xoffset="5" yoffset="26" xadvance="48" page="0" chnl="15"/>
    <char id="44" x="80" y="2" width="17" height="19" xoffset="4" yoffset="65" xadvance="24" page="0" chnl="15"/>
    <char id="45" x="80" y="23" width="26" height="13" xoffset="4" yoffset="38" xadvance="33" page="0" chnl="15"/>
    <char id="46" x="99" y="2" width="16" height="13" xoffset="4" yoffset="64" xadvance="22" page="0" chnl="15"/>
    <char id="47" x="30" y="258" width="46" height="77" xoffset="0" yoffset="8" xadvance="47" page="0" chnl="15"/>
    <char id="48" x="56" y="174" width="39" height="65" xoffset="1" yoffset="12" xadvance="42" page="0" chnl="15"/>
    <char id="49" x="30" y="337" width="21" height="68" xoffset="0" yoffset="10" xadvance="26" page="0" chnl="15"/>
    <char id="50" x="43" y="407" width="35" height="68" xoffset="3" yoffset="10" xadvance="39" page="0" chnl="15"/>
    <char id="51" x="78" y="241" width="40" height="70" xoffset="1" yoffset="7" xadvance="43" page="0" chnl="15"/>
    <char id="52" x="97" y="154" width="37" height="71" xoffset="3" yoffset="7" xadvance="42" page="0" chnl="15"/>
    <char id="53" x="78" y="313" width="35" height="69" xoffset="2" yoffset="7" xadvance="38" page="0" chnl="15"/>
    <char id="54" x="102" y="38" width="38" height="66" xoffset="3" yoffset="8" xadvance="44" page="0" chnl="15"/>
    <char id="55" x="80" y="384" width="33" height="69" xoffset="-2" yoffset="7" xadvance="34" page="0" chnl="15"/>
    <char id="56" x="115" y="313" width="46" height="71" xoffset="3" yoffset="7" xadvance="49" page="0" chnl="15"/>
    <char id="57" x="120" y="227" width="43" height="67" xoffset="0" yoffset="7" xadvance="46" page="0" chnl="15"/>
    <char id="58" x="80" y="38" width="16" height="40" xoffset="4" yoffset="37" xadvance="22" page="0" chnl="15"/>
    <char id="59" x="53" y="337" width="17" height="47" xoffset="4" yoffset="38" xadvance="24" page="0" chnl="15"/>
    <char id="60" x="102" y="106" width="38" height="46" xoffset="5" yoffset="23" xadvance="48" page="0" chnl="15"/>
    <char id="61" x="43" y="477" width="36" height="32" xoffset="6" yoffset="32" xadvance="48" page="0" chnl="15"/>
    <char id="62" x="81" y="455" width="38" height="46" xoffset="5" yoffset="23" xadvance="48" page="0" chnl="15"/>
    <char id="63" x="121" y="386" width="34" height="72" xoffset="0" yoffset="6" xadvance="36" page="0" chnl="15"/>
    <char id="64" x="157" y="386" width="48" height="82" xoffset="5" yoffset="4" xadvance="59" page="0" chnl="15"/>
    <char id="65" x="136" y="154" width="46" height="69" xoffset="2" yoffset="8" xadvance="42" page="0" chnl="15"/>
    <char id="66" x="163" y="296" width="42" height="69" xoffset="-2" yoffset="8" xadvance="42" page="0" chnl="15"/>
    <char id="67" x="165" y="225" width="42" height="58" xoffset="2" yoffset="15" xadvance="44" page="0" chnl="15"/>
    <char id="68" x="142" y="2" width="46" height="66" xoffset="-2" yoffset="8" xadvance="45" page="0" chnl="15"/>
    <char id="69" x="142" y="70" width="45" height="54" xoffset="1" yoffset="19" xadvance="45" page="0" chnl="15"/>
    <char id="70" x="184" y="126" width="46" height="66" xoffset="-1" yoffset="8" xadvance="41" page="0" chnl="15"/>
    <char id="71" x="190" y="2" width="43" height="69" xoffset="2" yoffset="10" xadvance="46" page="0" chnl="15"/>
    <char id="72" x="207" y="285" width="44" height="66" xoffset="-3" yoffset="9" xadvance="43" page="0" chnl="15"/>
    <char id="73" x="209" y="194" width="17" height="66" xoffset="2" yoffset="9" xadvance="20" page="0" chnl="15"/>
    <char id="74" x="228" y="194" width="32" height="73" xoffset="-14" yoffset="23" xadvance="23" page="0" chnl="15"/>
    <char id="75" x="232" y="73" width="46" height="65" xoffset="-3" yoffset="10" xadvance="41" page="0" chnl="15"/>
    <char id="76" x="235" y="2" width="41" height="65" xoffset="4" yoffset="10" xadvance="45" page="0" chnl="15"/>
    <char id="77" x="278" y="2" width="45" height="62" xoffset="2" yoffset="14" xadvance="50" page="0" chnl="15"/>
    <char id="78" x="207" y="353" width="43" height="63" xoffset="-1" yoffset="7" xadvance="45" page="0" chnl="15"/>
    <char id="79" x="207" y="418" width="42" height="56" xoffset="2" yoffset="19" xadvance="45" page="0" chnl="15"/>
    <char id="80" x="251" y="418" width="31" height="64" xoffset="1" yoffset="12" xadvance="32" page="0" chnl="15"/>
    <char id="81" x="252" y="353" width="51" height="61" xoffset="3" yoffset="15" xadvance="49" page="0" chnl="15"/>
    <char id="82" x="253" y="269" width="48" height="77" xoffset="2" yoffset="20" xadvance="35" page="0" chnl="15"/>
    <char id="83" x="284" y="416" width="42" height="68" xoffset="-3" yoffset="9" xadvance="40" page="0" chnl="15"/>
    <char id="84" x="262" y="140" width="41" height="58" xoffset="-3" yoffset="7" xadvance="29" page="0" chnl="15"/>
    <char id="85" x="262" y="200" width="38" height="57" xoffset="2" yoffset="15" xadvance="42" page="0" chnl="15"/>
    <char id="86" x="302" y="200" width="42" height="64" xoffset="-4" yoffset="11" xadvance="40" page="0" chnl="15"/>
    <char id="87" x="280" y="66" width="62" height="65" xoffset="-6" yoffset="8" xadvance="57" page="0" chnl="15"/>
    <char id="88" x="303" y="266" width="55" height="69" xoffset="-3" yoffset="9" xadvance="49" page="0" chnl="15"/>
    <char id="89" x="305" y="337" width="42" height="67" xoffset="-6" yoffset="8" xadvance="27" page="0" chnl="15"/>
    <char id="90" x="305" y="133" width="55" height="63" xoffset="-2" yoffset="16" xadvance="49" page="0" chnl="15"/>
    <char id="91" x="328" y="406" width="18" height="86" xoffset="8" yoffset="7" xadvance="32" page="0" chnl="15"/>
    <char id="92" x="348" y="406" width="46" height="77" xoffset="0" yoffset="8" xadvance="45" page="0" chnl="15"/>
    <char id="93" x="344" y="2" width="18" height="86" xoffset="3" yoffset="7" xadvance="32" page="0" chnl="15"/>
    <char id="94" x="121" y="460" width="34" height="29" xoffset="0" yoffset="7" xadvance="35" page="0" chnl="15"/>
    <char id="95" x="81" y="503" width="45" height="7" xoffset="0" yoffset="83" xadvance="45" page="0" chnl="15"/>
    <char id="96" x="69" y="154" width="23" height="18" xoffset="7" yoffset="7" xadvance="45" page="0" chnl="15"/>
    <char id="97" x="189" y="73" width="30" height="50" xoffset="1" yoffset="21" xadvance="34" page="0" chnl="15"/>
    <char id="98" x="360" y="198" width="30" height="70" xoffset="2" yoffset="7" xadvance="32" page="0" chnl="15"/>
    <char id="99" x="157" y="470" width="35" height="40" xoffset="0" yoffset="26" xadvance="35" page="0" chnl="15"/>
    <char id="100" x="362" y="90" width="35" height="72" xoffset="1" yoffset="6" xadvance="35" page="0" chnl="15"/>
    <char id="101" x="349" y="337" width="35" height="38" xoffset="1" yoffset="35" xadvance="38" page="0" chnl="15"/>
    <char id="102" x="364" y="2" width="28" height="72" xoffset="0" yoffset="7" xadvance="28" page="0" chnl="15"/>
    <char id="103" x="394" y="2" width="38" height="66" xoffset="-3" yoffset="27" xadvance="37" page="0" chnl="15"/>
    <char id="104" x="386" y="270" width="40" height="75" xoffset="-2" yoffset="6" xadvance="40" page="0" chnl="15"/>
    <char id="105" x="325" y="2" width="14" height="49" xoffset="1" yoffset="6" xadvance="17" page="0" chnl="15"/>
    <char id="106" x="392" y="164" width="28" height="91" xoffset="-12" yoffset="6" xadvance="21" page="0" chnl="15"/>
    <char id="107" x="399" y="70" width="36" height="81" xoffset="0" yoffset="6" xadvance="33" page="0" chnl="15"/>
    <char id="108" x="422" y="153" width="21" height="73" xoffset="-4" yoffset="6" xadvance="18" page="0" chnl="15"/>
    <char id="109" x="386" y="347" width="50" height="45" xoffset="3" yoffset="32" xadvance="55" page="0" chnl="15"/>
    <char id="110" x="434" y="2" width="36" height="44" xoffset="1" yoffset="25" xadvance="39" page="0" chnl="15"/>
    <char id="111" x="437" y="48" width="35" height="49" xoffset="1" yoffset="27" xadvance="37" page="0" chnl="15"/>
    <char id="112" x="396" y="394" width="33" height="70" xoffset="3" yoffset="26" xadvance="38" page="0" chnl="15"/>
    <char id="113" x="431" y="394" width="46" height="65" xoffset="2" yoffset="32" xadvance="38" page="0" chnl="15"/>
    <char id="114" x="472" y="2" width="30" height="43" xoffset="3" yoffset="25" xadvance="31" page="0" chnl="15"/>
    <char id="115" x="396" y="466" width="36" height="42" xoffset="1" yoffset="32" xadvance="38" page="0" chnl="15"/>
    <char id="116" x="428" y="228" width="28" height="67" xoffset="0" yoffset="13" xadvance="30" page="0" chnl="15"/>
    <char id="117" x="428" y="297" width="32" height="39" xoffset="2" yoffset="36" xadvance="36" page="0" chnl="15"/>
    <char id="118" x="434" y="461" width="41" height="47" xoffset="-2" yoffset="25" xadvance="38" page="0" chnl="15"/>
    <char id="119" x="477" y="461" width="50" height="45" xoffset="0" yoffset="33" xadvance="52" page="0" chnl="15"/>
    <char id="120" x="437" y="99" width="42" height="49" xoffset="0" yoffset="21" xadvance="42" page="0" chnl="15"/>
    <char id="121" x="445" y="150" width="34" height="75" xoffset="-3" yoffset="23" xadvance="34" page="0" chnl="15"/>
    <char id="122" x="474" y="47" width="48" height="41" xoffset="-1" yoffset="33" xadvance="45" page="0" chnl="15"/>
    <char id="123" x="462" y="227" width="26" height="85" xoffset="2" yoffset="8" xadvance="33" page="0" chnl="15"/>
    <char id="124" x="481" y="90" width="11" height="83" xoffset="3" yoffset="3" xadvance="16" page="0" chnl="15"/>
    <char id="125" x="479" y="314" width="26" height="85" xoffset="1" yoffset="8" xadvance="33" page="0" chnl="15"/>
    <char id="126" x="120" y="296" width="38" height="15" xoffset="-1" yoffset="13" xadvance="40" page="0" chnl="15"/>
    <char id="32" x="0" y="0" width="0" height="0" xoffset="-1" yoffset="13" xadvance="24" page="0" chnl="15"/>
  </chars>
  <kernings count="629">
    <kerning first="40" second="65" amount="-2"/>
    <kerning first="40" second="74" amount="10"/>
    <kerning first="40" second="84" amount="2"/>
    <kerning first="40" second="86" amount="2"/>
    <kerning first="40" second="87" amount="4"/>
    <kerning first="45" second="121" amount="3"/>
    <kerning first="46" second="48" amount="-3"/>
    <kerning first="46" second="49" amount="-2"/>
    <kerning first="46" second="52" amount="-8"/>
    <kerning first="46" second="57" amount="-4"/>
    <kerning first="49" second="51" amount="-1"/>
    <kerning first="49" second="52" amount="-1"/>
    <kerning first="49" second="57" amount="1"/>
    <kerning first="50" second="51" amount="1"/>
    <kerning first="50" second="55" amount="3"/>
    <kerning first="50" second="57" amount="1"/>
    <kerning first="51" second="55" amount="2"/>
    <kerning first="52" second="51" amount="-2"/>
    <kerning first="53" second="55" amount="2"/>
    <kerning first="54" second="55" amount="2"/>
    <kerning first="54" second="57" amount="1"/>
    <kerning first="55" second="46" amount="-5"/>
    <kerning first="55" second="50" amount="-1"/>
    <kerning first="55" second="51" amount="-1"/>
    <kerning first="55" second="53" amount="-1"/>
    <kerning first="55" second="54" amount="-2"/>
    <kerning first="55" second="55" amount="1"/>
    <kerning first="55" second="56" amount="-2"/>
    <kerning first="56" second="51" amount="-1"/>
    <kerning first="56" second="53" amount="-1"/>
    <kerning first="57" second="50" amount="-1"/>
    <kerning first="57" second="51" amount="-1"/>
    <kerning first="57" second="53" amount="-1"/>
    <kerning first="65" second="58" amount="4"/>
    <kerning first="65" second="59" amount="4"/>
    <kerning first="65" second="65" amount="-2"/>
    <kerning first="65" second="66" amount="1"/>
    <kerning first="65" second="67" amount="1"/>
    <kerning first="65" second="71" amount="1"/>
    <kerning first="65" second="74" amount="6"/>
    <kerning first="65" second="76" amount="2"/>
    <kerning first="65" second="79" amount="1"/>
    <kerning first="65" second="81" amount="1"/>
    <kerning first="65" second="82" amount="2"/>
    <kerning first="65" second="85" amount="2"/>
    <kerning first="65" second="87" amount="1"/>
    <kerning first="65" second="89" amount="3"/>
    <kerning first="65" second="90" amount="3"/>
    <kerning first="65" second="97" amount="4"/>
    <kerning first="65" second="98" amount="4"/>
    <kerning first="65" second="99" amount="4"/>
    <kerning first="65" second="100" amount="4"/>
    <kerning first="65" second="101" amount="4"/>
    <kerning first="65" second="102" amount="1"/>
    <kerning first="65" second="103" amount="2"/>
    <kerning first="65" second="104" amount="2"/>
    <kerning first="65" second="106" amount="5"/>
    <kerning first="65" second="107" amount="4"/>
    <kerning first="65" second="108" amount="3"/>
    <kerning first="65" second="109" amount="4"/>
    <kerning first="65" second="110" amount="2"/>
    <kerning first="65" second="111" amount="3"/>
    <kerning first="65" second="112" amount="2"/>
    <kerning first="65" second="113" amount="4"/>
    <kerning first="65" second="114" amount="1"/>
    <kerning first="65" second="116" amount="2"/>
    <kerning first="65" second="117" amount="3"/>
    <kerning first="65" second="118" amount="1"/>
    <kerning first="65" second="119" amount="1"/>
    <kerning first="65" second="120" amount="1"/>
    <kerning first="65" second="121" amount="1"/>
    <kerning first="65" second="122" amount="2"/>
    <kerning first="66" second="65" amount="-3"/>
    <kerning first="66" second="67" amount="-1"/>
    <kerning first="66" second="71" amount="-1"/>
    <kerning first="66" second="72" amount="2"/>
    <kerning first="66" second="79" amount="-1"/>
    <kerning first="66" second="81" amount="-1"/>
    <kerning first="66" second="89" amount="3"/>
    <kerning first="66" second="97" amount="-1"/>
    <kerning first="66" second="99" amount="-1"/>
    <kerning first="66" second="100" amount="-1"/>
    <kerning first="66" second="101" amount="-1"/>
    <kerning first="66" second="103" amount="-1"/>
    <kerning first="66" second="109" amount="-1"/>
    <kerning first="66" second="111" amount="-1"/>
    <kerning first="66" second="114" amount="-1"/>
    <kerning first="66" second="115" amount="-1"/>
    <kerning first="66" second="116" amount="-1"/>
    <kerning first="66" second="117" amount="-2"/>
    <kerning first="66" second="120" amount="-1"/>
    <kerning first="66" second="121" amount="-1"/>
    <kerning first="66" second="122" amount="-1"/>
    <kerning first="67" second="65" amount="-5"/>
    <kerning first="67" second="67" amount="-1"/>
    <kerning first="67" second="69" amount="-1"/>
    <kerning first="67" second="71" amount="-1"/>
    <kerning first="67" second="79" amount="-1"/>
    <kerning first="67" second="81" amount="-1"/>
    <kerning first="67" second="84" amount="-1"/>
    <kerning first="67" second="105" amount="-2"/>
    <kerning first="67" second="108" amount="0"/>
    <kerning first="67" second="114" amount="-1"/>
    <kerning first="67" second="116" amount="-2"/>
    <kerning first="67" second="119" amount="-2"/>
    <kerning first="67" second="121" amount="-4"/>
    <kerning first="68" second="65" amount="-3"/>
    <kerning first="68" second="72" amount="1"/>
    <kerning first="68" second="82" amount="-1"/>
    <kerning first="68" second="83" amount="2"/>
    <kerning first="68" second="84" amount="1"/>
    <kerning first="68" second="89" amount="1"/>
    <kerning first="68" second="90" amount="-3"/>
    <kerning first="68" second="97" amount="-3"/>
    <kerning first="68" second="101" amount="-3"/>
    <kerning first="68" second="103" amount="-2"/>
    <kerning first="68" second="104" amount="1"/>
    <kerning first="68" second="105" amount="1"/>
    <kerning first="68" second="107" amount="1"/>
    <kerning first="68" second="108" amount="1"/>
    <kerning first="68" second="111" amount="-1"/>
    <kerning first="68" second="113" amount="-3"/>
    <kerning first="68" second="114" amount="-1"/>
    <kerning first="68" second="115" amount="-3"/>
    <kerning first="68" second="117" amount="-3"/>
    <kerning first="68" second="119" amount="-1"/>
    <kerning first="68" second="122" amount="-3"/>
    <kerning first="69" second="45" amount="-3"/>
    <kerning first="69" second="65" amount="-5"/>
    <kerning first="69" second="67" amount="-2"/>
    <kerning first="69" second="69" amount="-2"/>
    <kerning first="69" second="70" amount="-1"/>
    <kerning first="69" second="71" amount="-1"/>
    <kerning first="69" second="72" amount="-3"/>
    <kerning first="69" second="74" amount="1"/>
    <kerning first="69" second="75" amount="-2"/>
    <kerning first="69" second="77" amount="-3"/>
    <kerning first="69" second="78" amount="-4"/>
    <kerning first="69" second="79" amount="-1"/>
    <kerning first="69" second="82" amount="1"/>
    <kerning first="69" second="83" amount="-4"/>
    <kerning first="69" second="84" amount="-3"/>
    <kerning first="69" second="86" amount="-2"/>
    <kerning first="69" second="87" amount="-2"/>
    <kerning first="69" second="88" amount="-3"/>
    <kerning first="69" second="97" amount="1"/>
    <kerning first="69" second="98" amount="1"/>
    <kerning first="69" second="99" amount="-2"/>
    <kerning first="69" second="100" amount="2"/>
    <kerning first="69" second="102" amount="0"/>
    <kerning first="69" second="105" amount="-5"/>
    <kerning first="69" second="109" amount="1"/>
    <kerning first="69" second="111" amount="1"/>
    <kerning first="69" second="112" amount="1"/>
    <kerning first="69" second="113" amount="1"/>
    <kerning first="69" second="115" amount="-3"/>
    <kerning first="69" second="116" amount="-2"/>
    <kerning first="69" second="117" amount="1"/>
    <kerning first="69" second="118" amount="-2"/>
    <kerning first="69" second="119" amount="-1"/>
    <kerning first="69" second="120" amount="-4"/>
    <kerning first="69" second="121" amount="-4"/>
    <kerning first="69" second="122" amount="-2"/>
    <kerning first="70" second="41" amount="4"/>
    <kerning first="70" second="58" amount="-2"/>
    <kerning first="70" second="59" amount="-2"/>
    <kerning first="70" second="65" amount="-2"/>
    <kerning first="70" second="67" amount="-1"/>
    <kerning first="70" second="69" amount="-2"/>
    <kerning first="70" second="71" amount="-1"/>
    <kerning first="70" second="74" amount="-1"/>
    <kerning first="70" second="77" amount="-4"/>
    <kerning first="70" second="79" amount="-2"/>
    <kerning first="70" second="81" amount="-3"/>
    <kerning first="70" second="82" amount="-1"/>
    <kerning first="70" second="85" amount="-1"/>
    <kerning first="70" second="90" amount="-4"/>
    <kerning first="70" second="97" amount="-5"/>
    <kerning first="70" second="98" amount="1"/>
    <kerning first="70" second="100" amount="-5"/>
    <kerning first="70" second="101" amount="-6"/>
    <kerning first="70" second="103" amount="-5"/>
    <kerning first="70" second="105" amount="3"/>
    <kerning first="70" second="106" amount="2"/>
    <kerning first="70" second="108" amount="5"/>
    <kerning first="70" second="109" amount="-3"/>
    <kerning first="70" second="110" amount="-1"/>
    <kerning first="70" second="111" amount="-3"/>
    <kerning first="70" second="113" amount="-5"/>
    <kerning first="70" second="114" amount="-3"/>
    <kerning first="70" second="115" amount="-6"/>
    <kerning first="70" second="116" amount="-1"/>
    <kerning first="70" second="117" amount="-5"/>
    <kerning first="70" second="120" amount="-4"/>
    <kerning first="70" second="121" amount="-2"/>
    <kerning first="70" second="122" amount="-6"/>
    <kerning first="71" second="65" amount="-2"/>
    <kerning first="71" second="89" amount="2"/>
    <kerning first="71" second="114" amount="-1"/>
    <kerning first="72" second="74" amount="2"/>
    <kerning first="72" second="89" amount="1"/>
    <kerning first="74" second="65" amount="-3"/>
    <kerning first="74" second="70" amount="-2"/>
    <kerning first="74" second="79" amount="-2"/>
    <kerning first="74" second="81" amount="-2"/>
    <kerning first="74" second="84" amount="-2"/>
    <kerning first="74" second="97" amount="-1"/>
    <kerning first="74" second="101" amount="-2"/>
    <kerning first="74" second="105" amount="-2"/>
    <kerning first="74" second="111" amount="-2"/>
    <kerning first="74" second="114" amount="-3"/>
    <kerning first="74" second="116" amount="-1"/>
    <kerning first="74" second="117" amount="-1"/>
    <kerning first="74" second="121" amount="-1"/>
    <kerning first="75" second="45" amount="-3"/>
    <kerning first="75" second="65" amount="-2"/>
    <kerning first="75" second="79" amount="-1"/>
    <kerning first="75" second="89" amount="1"/>
    <kerning first="75" second="121" amount="-2"/>
    <kerning first="76" second="45" amount="-12"/>
    <kerning first="76" second="65" amount="-12"/>
    <kerning first="76" second="67" amount="-2"/>
    <kerning first="76" second="71" amount="-2"/>
    <kerning first="76" second="72" amount="-12"/>
    <kerning first="76" second="75" amount="-5"/>
    <kerning first="76" second="79" amount="-3"/>
    <kerning first="76" second="81" amount="-2"/>
    <kerning first="76" second="84" amount="-3"/>
    <kerning first="76" second="85" amount="-2"/>
    <kerning first="76" second="86" amount="-3"/>
    <kerning first="76" second="87" amount="-2"/>
    <kerning first="76" second="88" amount="-3"/>
    <kerning first="76" second="89" amount="-1"/>
    <kerning first="76" second="97" amount="-1"/>
    <kerning first="76" second="103" amount="-1"/>
    <kerning first="76" second="105" amount="-16"/>
    <kerning first="76" second="116" amount="-6"/>
    <kerning first="76" second="118" amount="-3"/>
    <kerning first="76" second="119" amount="-3"/>
    <kerning first="76" second="120" amount="-4"/>
    <kerning first="76" second="121" amount="-9"/>
    <kerning first="77" second="89" amount="2"/>
    <kerning first="78" second="65" amount="-1"/>
    <kerning first="79" second="82" amount="1"/>
    <kerning first="79" second="84" amount="-1"/>
    <kerning first="79" second="85" amount="1"/>
    <kerning first="79" second="86" amount="-1"/>
    <kerning first="79" second="89" amount="1"/>
    <kerning first="79" second="98" amount="1"/>
    <kerning first="79" second="99" amount="2"/>
    <kerning first="79" second="104" amount="1"/>
    <kerning first="79" second="105" amount="1"/>
    <kerning first="79" second="107" amount="1"/>
    <kerning first="79" second="109" amount="1"/>
    <kerning first="80" second="58" amount="-2"/>
    <kerning first="80" second="59" amount="-2"/>
    <kerning first="80" second="65" amount="-3"/>
    <kerning first="80" second="69" amount="1"/>
    <kerning first="80" second="73" amount="1"/>
    <kerning first="80" second="81" amount="-2"/>
    <kerning first="80" second="82" amount="-1"/>
    <kerning first="80" second="83" amount="3"/>
    <kerning first="80" second="85" amount="1"/>
    <kerning first="80" second="89" amount="5"/>
    <kerning first="80" second="90" amount="-2"/>
    <kerning first="80" second="97" amount="-4"/>
    <kerning first="80" second="100" amount="-5"/>
    <kerning first="80" second="101" amount="-6"/>
    <kerning first="80" second="103" amount="-4"/>
    <kerning first="80" second="104" amount="1"/>
    <kerning first="80" second="105" amount="2"/>
    <kerning first="80" second="108" amount="2"/>
    <kerning first="80" second="110" amount="1"/>
    <kerning first="80" second="111" amount="-1"/>
    <kerning first="80" second="113" amount="-5"/>
    <kerning first="80" second="114" amount="-1"/>
    <kerning first="80" second="115" amount="-4"/>
    <kerning first="80" second="116" amount="0"/>
    <kerning first="80" second="117" amount="-4"/>
    <kerning first="80" second="122" amount="-3"/>
    <kerning first="81" second="66" amount="3"/>
    <kerning first="81" second="85" amount="1"/>
    <kerning first="81" second="97" amount="4"/>
    <kerning first="81" second="101" amount="5"/>
    <kerning first="81" second="117" amount="3"/>
    <kerning first="82" second="41" amount="14"/>
    <kerning first="82" second="65" amount="-4"/>
    <kerning first="82" second="67" amount="-1"/>
    <kerning first="82" second="79" amount="-1"/>
    <kerning first="82" second="81" amount="-2"/>
    <kerning first="82" second="84" amount="-1"/>
    <kerning first="82" second="89" amount="2"/>
    <kerning first="82" second="97" amount="-4"/>
    <kerning first="82" second="100" amount="-3"/>
    <kerning first="82" second="101" amount="-4"/>
    <kerning first="82" second="111" amount="-2"/>
    <kerning first="82" second="113" amount="-5"/>
    <kerning first="82" second="115" amount="-4"/>
    <kerning first="82" second="116" amount="-2"/>
    <kerning first="82" second="117" amount="-4"/>
    <kerning first="82" second="122" amount="-1"/>
    <kerning first="83" second="65" amount="-1"/>
    <kerning first="83" second="67" amount="-1"/>
    <kerning first="83" second="69" amount="-3"/>
    <kerning first="83" second="70" amount="-2"/>
    <kerning first="83" second="71" amount="-1"/>
    <kerning first="83" second="72" amount="-1"/>
    <kerning first="83" second="79" amount="-1"/>
    <kerning first="83" second="80" amount="-2"/>
    <kerning first="83" second="81" amount="-1"/>
    <kerning first="83" second="82" amount="1"/>
    <kerning first="83" second="84" amount="-1"/>
    <kerning first="83" second="85" amount="-1"/>
    <kerning first="83" second="86" amount="-1"/>
    <kerning first="83" second="88" amount="-2"/>
    <kerning first="83" second="99" amount="-1"/>
    <kerning first="83" second="103" amount="-1"/>
    <kerning first="83" second="105" amount="-1"/>
    <kerning first="83" second="107" amount="-1"/>
    <kerning first="83" second="108" amount="0"/>
    <kerning first="83" second="110" amount="-1"/>
    <kerning first="83" second="112" amount="-1"/>
    <kerning first="83" second="114" amount="-1"/>
    <kerning first="83" second="116" amount="-2"/>
    <kerning first="83" second="118" amount="-2"/>
    <kerning first="83" second="119" amount="-1"/>
    <kerning first="83" second="121" amount="-2"/>
    <kerning first="83" second="122" amount="-1"/>
    <kerning first="84" second="41" amount="10"/>
    <kerning first="84" second="58" amount="-2"/>
    <kerning first="84" second="59" amount="-2"/>
    <kerning first="84" second="64" amount="2"/>
    <kerning first="84" second="66" amount="3"/>
    <kerning first="84" second="67" amount="-2"/>
    <kerning first="84" second="69" amount="-1"/>
    <kerning first="84" second="72" amount="11"/>
    <kerning first="84" second="79" amount="-3"/>
    <kerning first="84" second="81" amount="-2"/>
    <kerning first="84" second="82" amount="-3"/>
    <kerning first="84" second="85" amount="-3"/>
    <kerning first="84" second="89" amount="3"/>
    <kerning first="84" second="93" amount="7"/>
    <kerning first="84" second="97" amount="-4"/>
    <kerning first="84" second="99" amount="-2"/>
    <kerning first="84" second="100" amount="-3"/>
    <kerning first="84" second="101" amount="-5"/>
    <kerning first="84" second="103" amount="-3"/>
    <kerning first="84" second="111" amount="-3"/>
    <kerning first="84" second="114" amount="-3"/>
    <kerning first="84" second="115" amount="-4"/>
    <kerning first="84" second="117" amount="-5"/>
    <kerning first="84" second="119" amount="-4"/>
    <kerning first="84" second="120" amount="-2"/>
    <kerning first="84" second="121" amount="-1"/>
    <kerning first="84" second="122" amount="-3"/>
    <kerning first="85" second="66" amount="1"/>
    <kerning first="85" second="72" amount="2"/>
    <kerning first="85" second="89" amount="2"/>
    <kerning first="85" second="90" amount="-1"/>
    <kerning first="85" second="100" amount="-1"/>
    <kerning first="85" second="103" amount="-1"/>
    <kerning first="85" second="114" amount="-1"/>
    <kerning first="85" second="115" amount="-1"/>
    <kerning first="86" second="58" amount="-3"/>
    <kerning first="86" second="59" amount="-3"/>
    <kerning first="86" second="65" amount="-2"/>
    <kerning first="86" second="79" amount="-1"/>
    <kerning first="86" second="81" amount="-2"/>
    <kerning first="86" second="82" amount="-1"/>
    <kerning first="86" second="84" amount="-1"/>
    <kerning first="86" second="90" amount="-4"/>
    <kerning first="86" second="97" amount="-4"/>
    <kerning first="86" second="100" amount="-5"/>
    <kerning first="86" second="101" amount="-4"/>
    <kerning first="86" second="103" amount="-4"/>
    <kerning first="86" second="105" amount="-1"/>
    <kerning first="86" second="111" amount="-2"/>
    <kerning first="86" second="113" amount="-4"/>
    <kerning first="86" second="114" amount="-1"/>
    <kerning first="86" second="115" amount="-3"/>
    <kerning first="86" second="116" amount="-2"/>
    <kerning first="86" second="117" amount="-4"/>
    <kerning first="86" second="122" amount="-3"/>
    <kerning first="87" second="65" amount="-1"/>
    <kerning first="87" second="72" amount="1"/>
    <kerning first="87" second="89" amount="2"/>
    <kerning first="87" second="97" amount="-2"/>
    <kerning first="87" second="100" amount="-2"/>
    <kerning first="87" second="101" amount="-2"/>
    <kerning first="87" second="103" amount="-2"/>
    <kerning first="87" second="111" amount="-1"/>
    <kerning first="87" second="113" amount="-2"/>
    <kerning first="87" second="114" amount="-2"/>
    <kerning first="87" second="115" amount="-1"/>
    <kerning first="87" second="116" amount="-2"/>
    <kerning first="87" second="117" amount="-2"/>
    <kerning first="87" second="121" amount="-1"/>
    <kerning first="87" second="122" amount="-2"/>
    <kerning first="88" second="65" amount="-1"/>
    <kerning first="88" second="101" amount="1"/>
    <kerning first="88" second="121" amount="-3"/>
    <kerning first="89" second="41" amount="8"/>
    <kerning first="89" second="58" amount="-3"/>
    <kerning first="89" second="59" amount="-3"/>
    <kerning first="89" second="65" amount="0"/>
    <kerning first="89" second="66" amount="5"/>
    <kerning first="89" second="73" amount="4"/>
    <kerning first="89" second="85" amount="1"/>
    <kerning first="89" second="93" amount="8"/>
    <kerning first="89" second="97" amount="-4"/>
    <kerning first="89" second="100" amount="-3"/>
    <kerning first="89" second="101" amount="-5"/>
    <kerning first="89" second="103" amount="-3"/>
    <kerning first="89" second="105" amount="1"/>
    <kerning first="89" second="111" amount="-4"/>
    <kerning first="89" second="115" amount="-3"/>
    <kerning first="89" second="117" amount="-4"/>
    <kerning first="89" second="118" amount="-1"/>
    <kerning first="90" second="65" amount="-5"/>
    <kerning first="90" second="105" amount="-4"/>
    <kerning first="90" second="116" amount="-1"/>
    <kerning first="90" second="121" amount="-4"/>
    <kerning first="91" second="65" amount="-3"/>
    <kerning first="91" second="106" amount="8"/>
    <kerning first="98" second="99" amount="-2"/>
    <kerning first="98" second="102" amount="-1"/>
    <kerning first="98" second="105" amount="-3"/>
    <kerning first="98" second="116" amount="-2"/>
    <kerning first="98" second="118" amount="-2"/>
    <kerning first="98" second="119" amount="-3"/>
    <kerning first="98" second="121" amount="-3"/>
    <kerning first="99" second="44" amount="-3"/>
    <kerning first="99" second="46" amount="-4"/>
    <kerning first="99" second="100" amount="-1"/>
    <kerning first="99" second="101" amount="-1"/>
    <kerning first="99" second="115" amount="-2"/>
    <kerning first="99" second="121" amount="-2"/>
    <kerning first="99" second="122" amount="-2"/>
    <kerning first="100" second="105" amount="-1"/>
    <kerning first="100" second="116" amount="-1"/>
    <kerning first="100" second="119" amount="-1"/>
    <kerning first="100" second="121" amount="-1"/>
    <kerning first="101" second="44" amount="-7"/>
    <kerning first="101" second="46" amount="-7"/>
    <kerning first="101" second="100" amount="-1"/>
    <kerning first="101" second="101" amount="-1"/>
    <kerning first="101" second="106" amount="-1"/>
    <kerning first="101" second="114" amount="-1"/>
    <kerning first="101" second="115" amount="-2"/>
    <kerning first="101" second="116" amount="-1"/>
    <kerning first="101" second="118" amount="-1"/>
    <kerning first="101" second="119" amount="0"/>
    <kerning first="101" second="120" amount="-1"/>
    <kerning first="101" second="122" amount="-1"/>
    <kerning first="102" second="44" amount="-5"/>
    <kerning first="102" second="46" amount="-5"/>
    <kerning first="102" second="97" amount="-1"/>
    <kerning first="102" second="100" amount="-2"/>
    <kerning first="102" second="101" amount="-2"/>
    <kerning first="102" second="103" amount="-1"/>
    <kerning first="102" second="113" amount="-2"/>
    <kerning first="102" second="114" amount="-2"/>
    <kerning first="102" second="115" amount="-3"/>
    <kerning first="102" second="116" amount="-1"/>
    <kerning first="102" second="117" amount="-2"/>
    <kerning first="102" second="120" amount="-3"/>
    <kerning first="102" second="121" amount="-1"/>
    <kerning first="102" second="122" amount="-2"/>
    <kerning first="103" second="121" amount="-2"/>
    <kerning first="104" second="105" amount="-1"/>
    <kerning first="104" second="116" amount="-1"/>
    <kerning first="104" second="121" amount="-2"/>
    <kerning first="105" second="98" amount="1"/>
    <kerning first="105" second="99" amount="1"/>
    <kerning first="105" second="100" amount="-1"/>
    <kerning first="105" second="104" amount="3"/>
    <kerning first="105" second="107" amount="2"/>
    <kerning first="105" second="108" amount="2"/>
    <kerning first="105" second="109" amount="1"/>
    <kerning first="105" second="110" amount="1"/>
    <kerning first="105" second="115" amount="-2"/>
    <kerning first="105" second="122" amount="-1"/>
    <kerning first="106" second="97" amount="-1"/>
    <kerning first="106" second="100" amount="-2"/>
    <kerning first="106" second="101" amount="-2"/>
    <kerning first="106" second="105" amount="-1"/>
    <kerning first="106" second="111" amount="-1"/>
    <kerning first="106" second="114" amount="-2"/>
    <kerning first="106" second="116" amount="-1"/>
    <kerning first="106" second="117" amount="-2"/>
    <kerning first="106" second="121" amount="-1"/>
    <kerning first="106" second="122" amount="-1"/>
    <kerning first="107" second="97" amount="-2"/>
    <kerning first="107" second="101" amount="-1"/>
    <kerning first="107" second="105" amount="-1"/>
    <kerning first="107" second="111" amount="-1"/>
    <kerning first="107" second="114" amount="-2"/>
    <kerning first="107" second="116" amount="-1"/>
    <kerning first="107" second="117" amount="-1"/>
    <kerning first="107" second="120" amount="-2"/>
    <kerning first="108" second="105" amount="-1"/>
    <kerning first="108" second="116" amount="-2"/>
    <kerning first="109" second="116" amount="-1"/>
    <kerning first="109" second="121" amount="-1"/>
    <kerning first="112" second="44" amount="-3"/>
    <kerning first="112" second="46" amount="-3"/>
    <kerning first="112" second="97" amount="-1"/>
    <kerning first="112" second="100" amount="-1"/>
    <kerning first="112" second="101" amount="-1"/>
    <kerning first="112" second="103" amount="-1"/>
    <kerning first="112" second="105" amount="-1"/>
    <kerning first="112" second="106" amount="-1"/>
    <kerning first="112" second="108" amount="-1"/>
    <kerning first="112" second="112" amount="-1"/>
    <kerning first="112" second="114" amount="-1"/>
    <kerning first="112" second="115" amount="-1"/>
    <kerning first="112" second="116" amount="-1"/>
    <kerning first="112" second="121" amount="-1"/>
    <kerning first="112" second="122" amount="-1"/>
    <kerning first="114" second="44" amount="-9"/>
    <kerning first="114" second="46" amount="-9"/>
    <kerning first="114" second="97" amount="-5"/>
    <kerning first="114" second="100" amount="-6"/>
    <kerning first="114" second="101" amount="-5"/>
    <kerning first="114" second="103" amount="-4"/>
    <kerning first="114" second="105" amount="1"/>
    <kerning first="114" second="110" amount="1"/>
    <kerning first="114" second="113" amount="-5"/>
    <kerning first="114" second="115" amount="-2"/>
    <kerning first="114" second="116" amount="-1"/>
    <kerning first="114" second="117" amount="-3"/>
    <kerning first="114" second="121" amount="-3"/>
    <kerning first="114" second="122" amount="-3"/>
    <kerning first="115" second="97" amount="-1"/>
    <kerning first="115" second="99" amount="-3"/>
    <kerning first="115" second="102" amount="-1"/>
    <kerning first="115" second="103" amount="-1"/>
    <kerning first="115" second="104" amount="-1"/>
    <kerning first="115" second="105" amount="-3"/>
    <kerning first="115" second="107" amount="-1"/>
    <kerning first="115" second="108" amount="-1"/>
    <kerning first="115" second="110" amount="-1"/>
    <kerning first="115" second="112" amount="-1"/>
    <kerning first="115" second="113" amount="-1"/>
    <kerning first="115" second="114" amount="-1"/>
    <kerning first="115" second="115" amount="-2"/>
    <kerning first="115" second="116" amount="-3"/>
    <kerning first="115" second="118" amount="-3"/>
    <kerning first="115" second="119" amount="-3"/>
    <kerning first="115" second="121" amount="-4"/>
    <kerning first="115" second="122" amount="-3"/>
    <kerning first="116" second="97" amount="-3"/>
    <kerning first="116" second="100" amount="-2"/>
    <kerning first="116" second="101" amount="-3"/>
    <kerning first="116" second="103" amount="-1"/>
    <kerning first="116" second="113" amount="-2"/>
    <kerning first="116" second="114" amount="-2"/>
    <kerning first="116" second="115" amount="-1"/>
    <kerning first="116" second="116" amount="-2"/>
    <kerning first="116" second="117" amount="-3"/>
    <kerning first="116" second="119" amount="-1"/>
    <kerning first="116" second="121" amount="-1"/>
    <kerning first="117" second="109" amount="0"/>
    <kerning first="117" second="114" amount="-1"/>
    <kerning first="117" second="116" amount="0"/>
    <kerning first="118" second="44" amount="-8"/>
    <kerning first="118" second="46" amount="-8"/>
    <kerning first="118" second="97" amount="-3"/>
    <kerning first="118" second="99" amount="1"/>
    <kerning first="118" second="100" amount="-5"/>
    <kerning first="118" second="101" amount="-3"/>
    <kerning first="118" second="103" amount="-2"/>
    <kerning first="118" second="111" amount="0"/>
    <kerning first="118" second="113" amount="-3"/>
    <kerning first="118" second="114" amount="0"/>
    <kerning first="118" second="115" amount="-1"/>
    <kerning first="118" second="117" amount="-2"/>
    <kerning first="118" second="120" amount="-1"/>
    <kerning first="118" second="121" amount="-1"/>
    <kerning first="118" second="122" amount="0"/>
    <kerning first="119" second="97" amount="-1"/>
    <kerning first="119" second="100" amount="-1"/>
    <kerning first="119" second="101" amount="-1"/>
    <kerning first="119" second="111" amount="0"/>
    <kerning first="119" second="113" amount="-2"/>
    <kerning first="119" second="114" amount="-1"/>
    <kerning first="119" second="116" amount="0"/>
    <kerning first="119" second="117" amount="-1"/>
    <kerning first="119" second="121" amount="-1"/>
    <kerning first="120" second="44" amount="-3"/>
    <kerning first="120" second="46" amount="-3"/>
    <kerning first="120" second="97" amount="-2"/>
    <kerning first="120" second="99" amount="-2"/>
    <kerning first="120" second="100" amount="-1"/>
    <kerning first="120" second="102" amount="-1"/>
    <kerning first="120" second="112" amount="-1"/>
    <kerning first="120" second="113" amount="-1"/>
    <kerning first="120" second="114" amount="-1"/>
    <kerning first="120" second="115" amount="-3"/>
    <kerning first="120" second="116" amount="-2"/>
    <kerning first="120" second="117" amount="-1"/>
    <kerning first="120" second="118" amount="-1"/>
    <kerning first="120" second="119" amount="-2"/>
    <kerning first="120" second="120" amount="-2"/>
    <kerning first="120" second="121" amount="-3"/>
    <kerning first="120" second="122" amount="-5"/>
    <kerning first="121" second="44" amount="-2"/>
    <kerning first="121" second="46" amount="-2"/>
    <kerning first="121" second="97" amount="-2"/>
    <kerning first="121" second="100" amount="-2"/>
    <kerning first="121" second="101" amount="-2"/>
    <kerning first="121" second="103" amount="-1"/>
    <kerning first="121" second="105" amount="-1"/>
    <kerning first="121" second="111" amount="0"/>
    <kerning first="121" second="112" amount="-1"/>
    <kerning first="121" second="113" amount="-3"/>
    <kerning first="121" second="114" amount="-1"/>
    <kerning first="121" second="115" amount="-2"/>
    <kerning first="121" second="116" amount="-1"/>
    <kerning first="121" second="117" amount="-2"/>
    <kerning first="122" second="45" amount="-6"/>
    <kerning first="122" second="99" amount="-4"/>
    <kerning first="122" second="105" amount="-9"/>
    <kerning first="122" second="110" amount="-1"/>
    <kerning first="122" second="116" amount="-3"/>
    <kerning first="122" second="118" amount="-3"/>
    <kerning first="122" second="119" amount="-2"/>
    <kerning first="122" second="121" amount="-5"/>
    <kerning first="122" second="122" amount="-14"/>
  </kernings>
</font>